{"version":"0.1","playTime":69.0503258141689,"switchD":{"hello world":true},"intD":{"a":2,"":0},"floatD":{"w":1.00999999046326},"items":[[0,4],[1,2]],"team":[0],"position":{"x":-2.79999852180481,"y":1.5337907075882,"z":1.41379070281982},"mapId":1,"turn":{"x":0.0,"y":1.0,"z":0.0}}
